name	rdMW	chMW	rdLogP	chLogP	rdTPSA	chTPSA	rdHAC	chHAC	rdHBD	chHBD	rdHBA	chHBA
methane	16.0430	16.0430	0.6361	-0.0880	0.0000	0.0000	1	1	0	0	0	0
ethane	30.0700	30.0700	1.0262	-0.1760	0.0000	0.0000	2	2	0	0	0	0
propane	44.0970	44.0970	1.4163	-0.3081	0.0000	0.0000	3	3	0	0	0	0
butane	58.1240	58.1240	1.8064	-0.4402	0.0000	0.0000	4	4	0	0	0	0
pentane	72.1510	72.1510	2.1965	-0.5723	0.0000	0.0000	5	5	0	0	0	0
hexane	86.1780	86.1780	2.5866	-0.7044	0.0000	0.0000	6	6	0	0	0	0
cyclohexane	84.1620	84.1620	2.3406	-0.7926	0.0000	0.0000	6	6	0	0	0	0
benzene	78.1140	78.1140	1.6866	0.8646	0.0000	0.0000	6	6	0	0	0	0
toluene	92.1410	92.1410	1.9950	0.7766	0.0000	0.0000	7	7	0	0	0	0
ethylbenzene	106.1680	106.1680	2.2490	0.6445	0.0000	0.0000	8	8	0	0	0	0
styrene	104.1520	104.1520	2.3296	0.5692	0.0000	0.0000	8	8	0	0	0	0
phenol	94.1130	94.1130	1.3922	1.0198	20.2300	20.2300	7	7	1	1	1	1
aniline	93.1290	93.1290	1.2688	0.1323	26.0200	26.0200	7	7	1	1	1	1
naphthalene	128.1740	128.1740	2.8398	1.4410	0.0000	0.0000	10	10	0	0	0	0
anthracene	178.2340	178.2340	3.9930	2.0174	0.0000	0.0000	14	14	0	0	0	0
acetic_acid	60.0520	60.0520	0.0909	0.0074	37.3000	37.3000	4	4	1	1	1	2
ethanol	46.0690	46.0690	-0.0014	-0.0649	20.2300	20.2300	3	3	1	1	1	1
methanol	32.0420	32.0420	-0.3915	0.0672	20.2300	20.2300	2	2	1	1	1	1
acetone	58.0800	58.0800	0.5953	-0.2358	17.0700	17.0700	4	4	0	0	1	1
methylamine	31.0580	31.0580	-0.4251	-0.8203	26.0200	26.0200	2	2	1	1	1	1
pyridine	79.1020	79.1020	1.0816	0.9831	12.8900	12.8900	6	6	0	0	1	1
pyrimidine	80.0900	80.0900	0.4766	1.1016	25.7800	25.7800	6	6	0	0	2	2
pyrazine	80.0900	80.0900	0.4766	1.1016	25.7800	25.7800	6	6	0	0	2	2
imidazole	68.0790	68.0790	0.4097	0.9575	28.6800	26.8600	5	5	1	1	1	2
thiophene	84.1430	84.1410	1.7481	0.5764	28.2400	28.2400	5	5	0	0	1	0
furan	68.0750	68.0750	1.2796	0.4576	13.1400	13.1400	5	5	0	0	1	1
indole	117.1510	117.1510	2.1679	1.4154	15.7900	13.9700	9	9	1	1	0	1
benzimidazole	118.1390	118.1390	1.5629	1.5339	28.6800	26.8600	9	9	1	1	1	2
purine	120.1150	120.1150	0.3529	1.7709	54.4600	52.6400	9	9	1	1	3	4
quinoline	129.1620	129.1620	2.2348	1.5595	12.8900	12.8900	10	10	0	0	1	1
isoquinoline	129.1620	129.1620	2.2348	1.5595	12.8900	12.8900	10	10	0	0	1	1
pyrrole	67.0910	67.0910	1.0147	0.8390	15.7900	13.9700	5	5	1	1	0	1
oxazole	69.0630	69.0630	0.6746	0.5761	26.0300	26.0300	5	5	0	0	2	2
thiazole	85.1310	85.1290	1.1431	0.6949	41.1300	41.1300	5	5	0	0	2	1
pyrazole	68.0790	68.0790	0.4097	0.9575	28.6800	26.8600	5	5	1	1	1	2
triazole_1H	69.0670	69.0670	-0.1953	1.0760	41.5700	39.7500	5	5	1	1	2	3
tetrazole	70.0550	70.0550	-0.8003	1.1945	54.4600	52.6400	5	5	1	1	3	4
aspirin	180.1590	180.1590	1.3101	0.9674	63.6000	63.6000	13	13	1	1	3	4
ibuprofen	206.2850	206.2850	3.0732	0.1537	37.3000	37.3000	15	15	1	1	1	2
paracetamol	151.1650	151.1650	1.3506	0.3532	49.3300	49.3300	11	11	2	2	2	3
caffeine	194.1940	194.1940	-1.0293	1.8173	61.8200	85.7000	14	14	0	0	6	6
morphine	215.2520	215.2520	2.2235	-2.4450	36.6100	32.7000	16	16	1	1	3	3
codeine	229.2790	229.2790	2.5265	-2.5330	25.6100	21.7000	17	17	0	0	3	3
warfarin	226.6590	226.6590	2.7776	1.1934	54.3700	54.3700	15	15	1	1	2	3
lidocaine	234.3430	234.3430	2.5837	-0.9429	32.3400	32.3400	17	17	1	1	2	3
diazepam	284.7460	284.7460	3.1538	0.9626	32.6700	23.5500	20	20	0	0	2	3
metformin	129.1670	129.1670	-1.0342	-3.3753	88.9900	65.3500	9	9	4	4	2	5
atorvastatin	576.6400	576.6400	6.3174	2.7807	111.7900	119.7500	42	42	4	4	5	7
methotrexate	454.4470	454.4470	0.2684	-0.2428	210.5400	210.5400	33	33	5	5	10	13
sildenafil	474.5870	474.5850	1.6109	1.2616	121.8000	127.9400	33	33	1	1	8	10
tamoxifen	371.5240	371.5240	5.9961	1.1781	12.4700	12.4700	28	28	0	0	2	2
propranolol	259.3490	259.3490	2.5775	0.3822	41.4900	41.4900	19	19	2	2	3	3
naproxen	230.2630	230.2630	3.0365	1.3105	46.5300	46.5300	17	17	1	1	2	3
indomethacin	357.7930	357.7930	3.9273	1.3908	68.5300	66.8400	25	25	1	1	4	5
chlorpromazine	318.8730	318.8710	4.8944	1.1284	31.7800	31.7800	21	21	0	0	3	2
clonazepam	300.7010	300.7010	3.2819	1.3610	72.5700	32.7800	21	21	0	0	4	5
fluoxetine	325.3300	325.3300	3.7512	2.0206	30.4900	30.4900	23	23	1	1	3	3
glycine	75.0670	75.0670	-0.9703	-0.7690	63.3200	63.3200	5	5	2	2	2	3
alanine	89.0940	89.0940	-0.5818	-0.9300	63.3200	63.3200	6	6	2	2	2	3
serine	105.0930	105.0930	-1.6094	-0.8189	83.5500	83.5500	7	7	3	3	3	4
threonine	119.1200	119.1200	-1.2209	-0.9799	83.5500	83.5500	8	8	3	3	3	4
valine	117.1480	117.1480	0.0543	-1.2231	63.3200	63.3200	8	8	2	2	2	3
leucine	131.1750	131.1750	0.4444	-1.3552	63.3200	63.3200	9	9	2	2	2	3
phenylalanine	165.1920	165.1920	0.6410	-0.1095	63.3200	63.3200	12	12	2	2	2	3
tryptophan	204.2290	204.2290	1.1223	0.4413	79.1100	77.2900	15	15	3	3	2	4
tyrosine	181.1910	181.1910	0.3466	0.0457	83.5500	83.5500	13	13	3	3	3	4
histidine	155.1570	155.1570	-0.6359	-0.0166	92.0000	90.1800	11	11	3	3	3	5
cysteine	121.1610	121.1590	-0.6719	-0.7309	102.1200	102.1200	7	7	3	2	3	3
methionine	149.2150	149.2130	0.1514	-0.9510	88.6200	88.6200	9	9	2	2	3	3
lysine	146.1900	146.1900	-0.4727	-2.1027	89.3400	89.3400	10	10	3	3	3	4
arginine	174.2040	174.2040	-1.3384	-3.2232	125.2200	113.4000	12	12	5	5	3	6
aspartate	133.1030	133.1030	-1.1270	-0.8787	100.6200	100.6200	9	9	3	3	3	5
glutamate	147.1300	147.1300	-0.7369	-1.0108	100.6200	100.6200	10	10	3	3	3	5
glucose	180.1560	180.1560	-3.2214	-0.2264	110.3800	110.3800	12	12	5	5	6	6
fructose	180.1560	180.1560	-3.2198	-0.1518	110.3800	110.3800	12	12	5	5	6	6
ribose	150.1300	150.1300	-2.5823	-0.1765	90.1500	90.1500	10	10	4	4	5	5
sucrose	342.2970	342.2970	-5.3956	-0.5334	189.5300	189.5300	23	23	8	8	11	11
sorbitol	182.1720	182.1720	-3.5854	-0.1534	121.3800	121.3800	12	12	6	6	6	6
chlorobenzene	112.5590	112.5590	2.3400	1.5541	0.0000	0.0000	7	7	0	0	0	0
bromobenzene	157.0100	157.0100	2.4491	1.7102	0.0000	0.0000	7	7	0	0	0	0
fluorobenzene	96.1040	96.1040	1.8257	1.2848	0.0000	0.0000	7	7	0	0	0	0
iodobenzene	204.0100	204.0100	2.2912	1.7503	0.0000	0.0000	7	7	0	0	0	0
dichloromethane	84.9330	84.9330	1.4215	1.2469	0.0000	0.0000	3	3	0	0	0	0
chloroform	119.3780	119.3780	1.9864	1.8634	0.0000	0.0000	4	4	0	0	0	0
ccl4	153.8230	153.8230	2.5529	2.5545	0.0000	0.0000	5	5	0	0	0	0
4_chlorophenol	128.5580	128.5580	2.0456	1.7093	20.2300	20.2300	8	8	1	1	1	1
4_bromophenol	173.0090	173.0090	2.1547	1.8654	20.2300	20.2300	8	8	1	1	1	1
trifluoromethylbenzene	146.1110	146.1110	2.7054	1.9217	0.0000	0.0000	10	10	0	0	0	0
dimethyl_sulfide	62.1370	62.1350	0.9792	0.0672	25.3000	25.3000	3	3	0	0	1	0
dimethyl_sulfoxide	78.1360	78.1340	-0.0053	0.2224	36.2800	36.2800	4	4	0	0	1	1
dimethyl_sulfone	94.1350	94.1330	-0.3392	0.3776	42.5200	42.5200	5	5	0	0	2	2
methane_sulfonic_acid	96.1070	96.1050	-0.4960	0.6208	62.7500	62.7500	5	5	1	1	2	3
thiophenol	110.1810	110.1790	1.9753	1.1078	38.8000	38.8000	7	7	1	0	1	0
cystamine	152.2880	152.2840	0.2852	-1.5066	102.6400	102.6400	8	8	2	2	4	2
trimethyl_phosphate	140.0750	140.0750	1.0337	0.3568	54.5700	61.8300	8	8	0	0	4	4
benzoic_acid	122.1230	122.1230	1.3848	0.9600	37.3000	37.3000	9	9	1	1	1	2
phenylacetic_acid	136.1500	136.1500	1.3137	0.8279	37.3000	37.3000	10	10	1	1	1	2
cinnamic_acid_E	148.1610	148.1610	1.7844	0.6646	37.3000	37.3000	11	11	1	1	1	2
methyl_benzoate	136.1500	136.1500	1.4732	0.8720	26.3000	26.3000	10	10	0	0	2	2
ethyl_benzoate	150.1770	150.1770	1.8633	0.7399	26.3000	26.3000	11	11	0	0	2	2
benzamide	121.1390	121.1390	0.7855	0.0725	43.0900	43.0900	9	9	1	1	1	2
n_methyl_benzamide	135.1660	135.1660	1.0462	0.1980	29.1000	29.1000	10	10	1	1	1	2
urea	60.0560	60.0560	-0.9762	-1.5244	69.1100	69.1100	4	4	2	2	1	3
dimethyl_urea	88.1100	88.1100	-0.3733	-1.4487	46.3300	46.3300	6	6	1	1	1	3
succinic_acid	118.0880	118.0880	-0.0642	-0.0734	74.6000	74.6000	8	8	2	2	2	4
maleic_acid	116.0720	116.0720	-0.2882	-0.1046	74.6000	74.6000	8	8	2	2	2	4
fumaric_acid	116.0720	116.0720	-0.2882	-0.1046	74.6000	74.6000	8	8	2	2	2	4
phthalic_acid	166.1320	166.1320	1.0830	1.0554	74.6000	74.6000	12	12	2	2	2	4
isophthalic_acid	166.1320	166.1320	1.0830	1.0554	74.6000	74.6000	12	12	2	2	2	4
n_methylaniline	107.1560	107.1560	1.7283	0.2578	12.0300	12.0300	8	8	1	1	1	1
diphenylamine	169.2270	169.2270	3.4302	1.2104	12.0300	12.0300	13	13	1	1	1	1
triphenylamine	245.3250	245.3250	5.1564	2.1132	3.2400	3.2400	19	19	0	0	1	1
4_aminophenol	109.1280	109.1280	0.9744	0.2875	46.2500	46.2500	8	8	2	2	2	2
4_nitrophenol	139.1100	139.1100	1.3004	0.8496	63.3700	32.7000	10	10	1	1	3	4
tetralin	132.2060	132.2060	2.5654	0.3362	0.0000	0.0000	10	10	0	0	0	0
decalin	138.2540	138.2540	3.3668	-1.4670	0.0000	0.0000	10	10	0	0	0	0
coumarin	146.1450	146.1450	1.7930	1.3333	30.2100	30.2100	11	11	0	0	2	2
chromone	146.1450	146.1450	1.7930	1.3333	30.2100	30.2100	11	11	0	0	2	2
xanthene	182.2220	182.2220	3.3831	1.7523	9.2300	9.2300	14	14	0	0	1	1
acridine	179.2220	179.2220	3.3880	2.1359	12.8900	12.8900	14	14	0	0	1	1
carbazole	167.2110	167.2110	3.3211	1.9918	15.7900	13.9700	13	13	1	1	0	1
dibenzofuran	168.1950	168.1950	3.5860	1.6104	13.1400	13.1400	13	13	0	0	1	1
dibenzothiophene	184.2630	184.2610	4.0545	1.7292	28.2400	28.2400	13	13	0	0	1	0
fluorene	166.2230	166.2230	3.2578	1.5971	0.0000	0.0000	13	13	0	0	0	0
fluoranthene	202.2560	202.2560	4.5840	2.3056	0.0000	0.0000	16	16	0	0	0	0
pyrene	202.2560	202.2560	4.5840	2.3056	0.0000	0.0000	16	16	0	0	0	0
triphenylene	178.2340	178.2340	3.9930	2.0174	0.0000	0.0000	14	14	0	0	0	0
piperazine	86.1380	86.1380	-0.8208	-1.5660	24.0600	24.0600	6	6	2	2	2	2
morpholine	87.1220	87.1220	-0.3938	-0.8920	21.2600	21.2600	6	6	1	1	2	2
n_methylpiperazine	100.1650	100.1650	-0.4786	-1.6158	15.2700	15.2700	7	7	1	1	2	2
n_boc_piperazine	186.2550	186.2550	0.8267	-1.8999	41.5700	41.5700	13	13	1	1	3	4
piperidine	85.1500	85.1500	0.7599	-1.1793	12.0300	12.0300	6	6	1	1	1	1
pyrrolidine	71.1230	71.1230	0.3698	-1.0472	12.0300	12.0300	5	5	1	1	1	1
azetidine	57.0960	57.0960	-0.0203	-0.9151	12.0300	12.0300	4	4	1	1	1	1
oxetane	58.0800	58.0800	0.4067	-0.2411	9.2300	9.2300	4	4	0	0	1	1
thietane	74.1480	74.1460	1.1233	-0.1531	25.3000	25.3000	4	4	0	0	1	0
tetrahydrofuran	72.1070	72.1070	0.7968	-0.3732	9.2300	9.2300	5	5	0	0	1	1
tetrahydrothiophene	88.1750	88.1730	1.5134	-0.2852	25.3000	25.3000	5	5	0	0	1	0
tetrahydropyran	86.1340	86.1340	1.1869	-0.5053	9.2300	9.2300	6	6	0	0	1	1
1_4_dioxane	88.1060	88.1060	0.0332	-0.2180	18.4600	18.4600	6	6	0	0	2	2
nicotine	162.2360	162.2360	1.8483	-0.1869	16.1300	16.1300	12	12	0	0	2	2
quinine	310.3970	310.3970	2.9272	-0.2051	45.5900	45.5900	23	23	1	1	4	4
capsaicin	305.4180	305.4180	3.7896	-0.8286	58.5600	58.5600	22	22	2	2	3	4
resveratrol	228.2470	228.2470	2.9738	1.8994	60.6900	60.6900	17	17	3	3	3	3
quercetin	302.2380	302.2380	1.9880	2.9739	131.3600	131.3600	22	22	5	5	7	7
curcumin	368.3850	368.3850	3.3699	1.3315	93.0600	93.0600	27	27	2	2	6	6
penicillin_G	291.3720	291.3700	1.7871	-0.4641	82.9100	82.9100	20	20	1	1	3	4
ampicillin	321.4020	321.4000	1.3849	-1.7882	120.9600	120.9600	22	22	3	3	4	6
adenine	135.1300	135.1300	-0.0649	1.0386	80.4800	78.6600	10	10	2	2	4	5
guanine	151.1290	151.1290	-0.7716	1.1938	100.4500	96.8100	11	11	3	3	4	6
cytosine	111.1040	111.1040	-0.6479	0.5245	71.7700	69.9500	8	8	2	2	3	4
uracil	112.0880	112.0880	-0.9368	1.4120	65.7200	62.0800	8	8	2	2	2	4
hypoxanthine	136.1140	136.1140	-0.3538	1.9261	74.4300	70.7900	10	10	2	2	3	5
xanthine	152.1130	152.1130	-1.0605	2.0813	94.4000	88.9400	11	11	3	3	3	6
ethylene_glycol	62.0680	62.0680	-1.0290	0.0462	40.4600	40.4600	4	4	2	2	2	2
glycerol	92.0940	92.0940	-1.6681	-0.0037	60.6900	60.6900	6	6	3	3	3	3
propylene_glycol	76.0950	76.0950	-0.6405	-0.1148	40.4600	40.4600	5	5	2	2	2	2
catechol	110.1120	110.1120	1.0978	1.1750	40.4600	40.4600	8	8	2	2	2	2
resorcinol	110.1120	110.1120	1.0978	1.1750	40.4600	40.4600	8	8	2	2	2	2
hydroquinone	110.1120	110.1120	1.0978	1.1750	40.4600	40.4600	8	8	2	2	2	2
salicylic_acid	138.1220	138.1220	1.0904	1.1152	57.5300	57.5300	10	10	2	2	2	3
vanillin	152.1490	152.1490	1.2133	1.0945	46.5300	46.5300	11	11	1	1	3	3
eugenol	164.2040	164.2040	2.1293	0.6595	29.4600	29.4600	12	12	1	1	2	2
safrol	162.1880	162.1880	2.1438	0.6154	18.4600	18.4600	12	12	0	0	2	2
epinephrine	183.2070	183.2070	0.3506	0.3862	72.7200	72.7200	13	13	4	4	4	4
dopamine	153.1810	153.1810	0.5990	0.1785	66.4800	66.4800	11	11	3	3	3	3
serotonin	176.2190	176.2190	1.3747	0.5741	62.0400	60.2200	13	13	3	3	2	3
melatonin	232.2830	232.2830	1.8551	0.5518	54.1200	52.3000	17	17	2	2	2	4
histamine	111.1480	111.1480	-0.0891	-0.0390	54.7000	52.8800	8	8	2	2	2	3
putrescine	88.1540	88.1540	-0.3160	-1.9930	52.0400	52.0400	6	6	2	2	2	2
spermidine	145.2500	145.2500	-0.3363	-2.9081	64.0700	64.0700	10	10	3	3	3	3
folic_acid	441.4040	441.4040	-0.0448	0.6945	213.2800	211.4600	32	32	6	6	9	13
riboflavin	376.3690	376.3690	-1.7236	2.3671	161.5600	167.7000	27	27	5	5	9	10
pyridoxine	169.1800	169.1800	0.0802	1.0965	73.5800	73.5800	12	12	3	3	4	4
thiamine	250.3470	250.3450	1.0255	1.3794	78.1300	87.1400	17	17	1	1	4	4
