smiles,name
CC1=C(C(CCC1)(C)C)/C=C/C(=C/C=C/C(=C/C(=O)O)/C)/C,tretinoin
CC1=C(C(CCC1)(C)C)/C=C/C(=C/C=C/C(=C\C(=O)O)/C)/C,isotretinoin
CC1=C(C(CCC1)(C)C)/C=C/C(=C\C=C\C(=C\C(=O)O)\C)/C,alitretinoin
CC1=CC(=C(C(=C1/C=C/C(=C/C=C/C(=C/C(=O)O)/C)/C)C)C)OC,acitretin
CC1=C(C(CCC1)(C)C)/C=C/C(=C/C=C/C(=C/C=O)/C)/C,retinal
CC1=C(C(CCC1)(C)C)/C=C/C(=C/C=C/C(=C/CO)/C)/C,retinol
CC1=C(C(CCC1)(C)C)/C=C/C(=C/C=C/C(=C/C(=O)NC2=CC=C(C=C2)O)/C)/C,fenretinide
CC1=C(C(CCC1)(C)C)/C=C/C(=C/C=C/C(=C/C=C/C=C(/C=C/C=C(/C=C/C2=C(CCCC2(C)C)C)\C)\C)/C)/C,beta-carotene
CC(=CCC/C(=C/C=C/C(=C/C=C/C(=C/C=C/C=C(/C=C/C=C(/C=C/C=C(/CCC=C(C)C)\C)\C)\C)/C)/C)/C)C,lycopene
CC1=C(C(C[C@@H](C1)O)(C)C)/C=C/C(=C/C=C/C(=C/C=C/C=C(\C)/C=C/C=C(\C)/C=C/[C@H]2C(=C[C@@H](CC2(C)C)O)C)/C)/C,lutein
CC1=C(C(C[C@@H](C1)O)(C)C)/C=C/C(=C/C=C/C(=C/C=C/C=C(/C=C/C=C(/C=C/C2=C(C[C@H](CC2(C)C)O)C)\C)\C)/C)/C,zeaxanthin
CC1=C(C(C[C@@H](C1=O)O)(C)C)/C=C/C(=C/C=C/C(=C/C=C/C=C(/C=C/C=C(/C=C/C2=C(C(=O)[C@H](CC2(C)C)O)C)\C)\C)/C)/C,astaxanthin
CC1=C(C(CCC1=O)(C)C)/C=C/C(=C/C=C/C(=C/C=C/C=C(/C=C/C=C(/C=C/C2=C(C(=O)CCC2(C)C)C)\C)\C)/C)/C,canthaxanthin
C/C(=C\C=C\C=C(\C=C\C=C(\C=C\[C@@]12O[C@@]1(C[C@H](CC2(C)C)O)C)/C)/C)/C=C/C=C(/C=C/[C@@]34O[C@@]3(C[C@H](CC4(C)C)O)C)\C,violaxanthin
C/C(=C\C=C\C=C(/C)\C=C\C=C(/C)\C(=O)C[C@]12[C@](O1)(C[C@H](CC2(C)C)O)C)/C=C/C=C(\C)/C=C=C3[C@](C[C@H](CC3(C)C)OC(=O)C)(C)O,fucoxanthin
CCCCC[C@@H](/C=C/[C@H]1[C@@H](CC(=O)[C@@H]1CCCCCCC(=O)O)O)O,prostaglandin E1
CCCCC[C@@H](/C=C/[C@H]1[C@@H](CC(=O)[C@@H]1C/C=C\CCCC(=O)O)O)O,prostaglandin E2
CCCCC[C@@H](/C=C/[C@H]1[C@@H](C[C@@H]([C@@H]1C/C=C\CCCC(=O)O)O)O)O,prostaglandin F2alpha
CCCCC[C@@H](/C=C/[C@@H]1[C@H]([C@H](CC1=O)O)C/C=C\CCCC(=O)O)O,prostaglandin D2
CCCCC[C@@H](/C=C/[C@H]1[C@@H](C[C@H]2[C@@H]1C/C(=C/CCCC(=O)O)/O2)O)O,prostacyclin
CCCCC(C)(C/C=C/[C@H]1[C@@H](CC(=O)[C@@H]1CCCCCCC(=O)OC)O)O,misoprostol
CC(C)OC(=O)CCC/C=C\C[C@H]1[C@H](C[C@H]([C@@H]1CC[C@H](CCC2=CC=CC=C2)O)O)O,latanoprost
CC(C)OC(=O)CCC/C=C\C[C@H]1[C@H](C[C@H]([C@@H]1/C=C/[C@H](COC2=CC=CC(=C2)C(F)(F)F)O)O)O,travoprost
CCNC(=O)CCC/C=C\C[C@H]1[C@H](C[C@H]([C@@H]1/C=C/[C@H](CCC2=CC=CC=C2)O)O)O,bimatoprost
CCCCC/C=C\C[C@H](/C=C/C=C/C=C\[C@H](CCCC(=O)O)O)O,leukotriene B4
CCCCC/C=C\C/C=C\C=C\C=C\[C@H]([C@H](CCCC(=O)O)O)SC[C@@H](C(=O)NCC(=O)O)NC(=O)CC[C@@H](C(=O)O)N,leukotriene C4
CCCCC/C=C\C/C=C\C=C\C=C\[C@H]([C@H](CCCC(=O)O)O)SC[C@@H](C(=O)NCC(=O)O)N,leukotriene D4
CCCCC/C=C\C/C=C\C=C\C=C\[C@H]([C@H](CCCC(=O)O)O)SC[C@@H](C(=O)O)N,leukotriene E4
C[C@H]1/C=C/C=C/C=C/C=C/C=C/C=C/C=C/[C@@H](C[C@H]2[C@@H]([C@H](C[C@](O2)(C[C@H](C[C@H]([C@@H](CC[C@H](C[C@H](CC(=O)O[C@H]([C@@H]([C@@H]1O)C)C)O)O)O)O)O)O)O)C(=O)O)O[C@H]3[C@H]([C@H]([C@@H]([C@H](O3)C)O)N)O,amphotericin B
C[C@H]1/C=C/C=C/CC/C=C/C=C/C=C/C=C/C(CC2C(C(C[C@](O2)(CC(C(CCC(CC(CC(CC(=O)O[C@H]([C@@H]([C@@H]1O)C)C)O)O)O)O)O)O)O)C(=O)O)O[C@@H]3[C@H]([C@H]([C@@H]([C@H](O3)C)O)N)O,nystatin
C[C@@H]1C/C=C/C=C/C=C/C=C/[C@@H](C[C@H]2[C@@H]([C@H](C[C@](O2)(C[C@H](C[C@@H]3[C@H](O3)/C=C/C(=O)O1)O)O)O)C(=O)O)O[C@H]4[C@H]([C@H]([C@@H]([C@H](O4)C)O)N)O,natamycin
CCCCC[C@H]([C@@H]1[C@H](C[C@H](C[C@H](C[C@H](C[C@H](C[C@H](C[C@@H](/C(=C/C=C/C=C/C=C/C=C/[C@@H]([C@H](OC1=O)C)O)/C)O)O)O)O)O)O)O)O,filipin
C[C@@H]1[C@H]([C@@H]([C@@H](C(O1)OC\2CC(C(C(CC(=O)CC(CC(CC(CC(=O)CCCC(=O)CC(=O)OC(C(/C=C/C=C/C=C/C=C/C=C/C=C/C=C2)C)C(C)CC(C)C(CC(=O)C3=CC=C(C=C3)N)O)O)O)O)O)C(=O)O)O)O)N)O,candicidin
