name	methane	ethane	propane	butane	pentane	hexane	cyclohexane	benzene	toluene	ethylbenzene	styrene	phenol	aniline	naphthalene	anthracene	acetic_acid	ethanol	methanol	acetone	methylamine	pyridine	pyrimidine	pyrazine	imidazole	thiophene	furan	indole	benzimidazole	purine	quinoline	isoquinoline	pyrrole	oxazole	thiazole	pyrazole	triazole_1H	tetrazole	aspirin	ibuprofen	paracetamol	caffeine	morphine	codeine	warfarin	lidocaine	diazepam	metformin	atorvastatin	methotrexate	sildenafil
methane	1.000000	0.000000	0.000000	0.000000	0.000000	0.000000	0.000000	0.000000	0.000000	0.000000	0.000000	0.000000	0.000000	0.000000	0.000000	0.000000	0.000000	0.000000	0.000000	0.000000	0.000000	0.000000	0.000000	0.000000	0.000000	0.000000	0.000000	0.000000	0.000000	0.000000	0.000000	0.000000	0.000000	0.000000	0.000000	0.000000	0.000000	0.000000	0.000000	0.000000	0.000000	0.000000	0.000000	0.000000	0.000000	0.000000	0.000000	0.000000	0.000000	0.000000
ethane	0.000000	1.000000	0.200000	0.166667	0.125000	0.125000	0.000000	0.000000	0.083333	0.066667	0.000000	0.000000	0.000000	0.000000	0.000000	0.125000	0.142857	0.250000	0.142857	0.250000	0.000000	0.000000	0.000000	0.000000	0.000000	0.000000	0.000000	0.000000	0.000000	0.000000	0.000000	0.000000	0.000000	0.000000	0.000000	0.000000	0.000000	0.040000	0.038462	0.047619	0.038462	0.026316	0.025000	0.000000	0.033333	0.025641	0.055556	0.016129	0.016949	0.016129
propane	0.000000	0.200000	1.000000	0.500000	0.375000	0.375000	0.000000	0.000000	0.071429	0.200000	0.000000	0.000000	0.000000	0.000000	0.076923	0.100000	0.428571	0.166667	0.111111	0.166667	0.000000	0.000000	0.000000	0.000000	0.000000	0.000000	0.000000	0.000000	0.000000	0.000000	0.000000	0.090909	0.000000	0.000000	0.000000	0.000000	0.000000	0.037037	0.074074	0.043478	0.035714	0.025000	0.023810	0.035714	0.100000	0.024390	0.050000	0.031746	0.033333	0.048387
butane	0.000000	0.166667	0.500000	1.000000	0.500000	0.500000	0.000000	0.000000	0.066667	0.187500	0.000000	0.000000	0.000000	0.000000	0.000000	0.090909	0.375000	0.142857	0.100000	0.142857	0.000000	0.000000	0.000000	0.000000	0.000000	0.000000	0.000000	0.000000	0.000000	0.000000	0.000000	0.083333	0.000000	0.000000	0.000000	0.000000	0.000000	0.035714	0.071429	0.041667	0.034483	0.024390	0.023256	0.034483	0.096774	0.023810	0.047619	0.031250	0.032787	0.064516
pentane	0.000000	0.125000	0.375000	0.500000	1.000000	0.750000	0.000000	0.000000	0.058824	0.166667	0.000000	0.000000	0.000000	0.000000	0.000000	0.076923	0.300000	0.111111	0.083333	0.111111	0.000000	0.000000	0.000000	0.000000	0.000000	0.000000	0.000000	0.000000	0.000000	0.000000	0.000000	0.071429	0.000000	0.000000	0.000000	0.000000	0.000000	0.033333	0.066667	0.038462	0.032258	0.023256	0.022222	0.066667	0.090909	0.022727	0.043478	0.030303	0.031746	0.062500
hexane	0.000000	0.125000	0.375000	0.500000	0.750000	1.000000	0.000000	0.000000	0.058824	0.166667	0.000000	0.000000	0.000000	0.000000	0.000000	0.076923	0.300000	0.111111	0.083333	0.111111	0.000000	0.000000	0.000000	0.000000	0.000000	0.000000	0.000000	0.000000	0.000000	0.000000	0.000000	0.071429	0.000000	0.000000	0.000000	0.000000	0.000000	0.033333	0.066667	0.038462	0.032258	0.023256	0.022222	0.066667	0.090909	0.022727	0.043478	0.030303	0.031746	0.062500
cyclohexane	0.000000	0.000000	0.000000	0.000000	0.000000	0.000000	1.000000	0.000000	0.000000	0.000000	0.000000	0.000000	0.000000	0.000000	0.000000	0.000000	0.000000	0.000000	0.000000	0.000000	0.000000	0.000000	0.000000	0.000000	0.000000	0.000000	0.052632	0.000000	0.000000	0.000000	0.000000	0.000000	0.000000	0.000000	0.000000	0.000000	0.000000	0.000000	0.000000	0.000000	0.000000	0.025641	0.024390	0.000000	0.000000	0.025000	0.000000	0.000000	0.000000	0.015873
benzene	0.000000	0.000000	0.000000	0.000000	0.000000	0.000000	0.000000	1.000000	0.272727	0.214286	0.214286	0.272727	0.272727	0.222222	0.181818	0.111111	0.000000	0.000000	0.000000	0.000000	0.333333	0.200000	0.125000	0.066667	0.222222	0.222222	0.111111	0.100000	0.043478	0.111111	0.111111	0.222222	0.142857	0.066667	0.142857	0.090909	0.066667	0.125000	0.076923	0.045455	0.037037	0.025641	0.024390	0.076923	0.066667	0.078947	0.000000	0.049180	0.033898	0.015873
toluene	0.000000	0.083333	0.071429	0.066667	0.058824	0.058824	0.000000	0.272727	1.000000	0.388889	0.315789	0.375000	0.375000	0.357143	0.312500	0.125000	0.062500	0.076923	0.062500	0.076923	0.176471	0.111111	0.062500	0.043478	0.117647	0.117647	0.217391	0.200000	0.066667	0.217391	0.217391	0.117647	0.090909	0.043478	0.090909	0.052632	0.043478	0.250000	0.161290	0.148148	0.090909	0.090909	0.086957	0.125000	0.176471	0.166667	0.037037	0.107692	0.078125	0.058824
ethylbenzene	0.000000	0.066667	0.200000	0.187500	0.166667	0.166667	0.000000	0.214286	0.388889	1.000000	0.272727	0.315789	0.315789	0.294118	0.263158	0.105263	0.176471	0.062500	0.052632	0.062500	0.150000	0.095238	0.052632	0.038462	0.100000	0.100000	0.192308	0.178571	0.060606	0.192308	0.192308	0.157895	0.080000	0.038462	0.080000	0.045455	0.038462	0.225806	0.218750	0.133333	0.114286	0.085106	0.081633	0.147059	0.194444	0.155556	0.033333	0.119403	0.090909	0.086957
styrene	0.000000	0.000000	0.000000	0.000000	0.000000	0.000000	0.000000	0.214286	0.315789	0.272727	1.000000	0.315789	0.315789	0.294118	0.263158	0.050000	0.000000	0.000000	0.000000	0.000000	0.150000	0.095238	0.052632	0.038462	0.100000	0.100000	0.192308	0.178571	0.060606	0.192308	0.192308	0.100000	0.080000	0.038462	0.080000	0.045455	0.038462	0.187500	0.114286	0.096774	0.054054	0.062500	0.060000	0.114286	0.102564	0.130435	0.000000	0.102941	0.058824	0.041667
phenol	0.000000	0.000000	0.000000	0.000000	0.000000	0.000000	0.000000	0.272727	0.375000	0.315789	0.315789	1.000000	0.375000	0.357143	0.312500	0.125000	0.062500	0.076923	0.062500	0.000000	0.176471	0.111111	0.062500	0.043478	0.117647	0.117647	0.217391	0.200000	0.066667	0.217391	0.217391	0.117647	0.090909	0.043478	0.090909	0.052632	0.090909	0.250000	0.161290	0.291667	0.058824	0.116279	0.063830	0.161290	0.142857	0.139535	0.037037	0.107692	0.078125	0.043478
aniline	0.000000	0.000000	0.000000	0.000000	0.000000	0.000000	0.000000	0.272727	0.375000	0.315789	0.315789	0.375000	1.000000	0.357143	0.312500	0.058824	0.000000	0.000000	0.000000	0.076923	0.176471	0.111111	0.062500	0.043478	0.117647	0.117647	0.217391	0.200000	0.066667	0.217391	0.217391	0.117647	0.090909	0.043478	0.090909	0.052632	0.043478	0.206897	0.125000	0.107143	0.058824	0.066667	0.063830	0.125000	0.111111	0.139535	0.037037	0.090909	0.095238	0.043478
naphthalene	0.000000	0.000000	0.000000	0.000000	0.000000	0.000000	0.000000	0.222222	0.357143	0.294118	0.294118	0.357143	0.357143	1.000000	0.636364	0.000000	0.000000	0.000000	0.000000	0.000000	0.133333	0.133333	0.076923	0.050000	0.142857	0.142857	0.388889	0.227273	0.074074	0.388889	0.470588	0.142857	0.105263	0.050000	0.105263	0.062500	0.050000	0.185185	0.100000	0.120000	0.064516	0.071429	0.068182	0.100000	0.121212	0.121951	0.000000	0.095238	0.064516	0.061538
anthracene	0.000000	0.000000	0.076923	0.000000	0.000000	0.000000	0.000000	0.181818	0.312500	0.263158	0.263158	0.312500	0.312500	0.636364	1.000000	0.000000	0.000000	0.000000	0.000000	0.000000	0.117647	0.117647	0.066667	0.045455	0.125000	0.125000	0.350000	0.208333	0.068966	0.350000	0.350000	0.125000	0.095238	0.045455	0.095238	0.055556	0.045455	0.172414	0.093750	0.111111	0.060606	0.068182	0.065217	0.093750	0.114286	0.142857	0.000000	0.075758	0.062500	0.075758
acetic_acid	0.000000	0.125000	0.100000	0.090909	0.076923	0.076923	0.000000	0.111111	0.125000	0.105263	0.050000	0.125000	0.058824	0.000000	0.000000	1.000000	0.181818	0.250000	0.625000	0.111111	0.066667	0.000000	0.000000	0.000000	0.000000	0.000000	0.000000	0.000000	0.000000	0.000000	0.000000	0.000000	0.000000	0.000000	0.000000	0.066667	0.052632	0.240000	0.185185	0.227273	0.066667	0.047619	0.022222	0.142857	0.125000	0.071429	0.090909	0.079365	0.083333	0.030303
ethanol	0.000000	0.142857	0.428571	0.375000	0.300000	0.300000	0.000000	0.000000	0.062500	0.176471	0.000000	0.062500	0.000000	0.000000	0.000000	0.181818	1.000000	0.285714	0.200000	0.125000	0.000000	0.000000	0.000000	0.000000	0.000000	0.000000	0.000000	0.000000	0.000000	0.000000	0.000000	0.076923	0.000000	0.000000	0.000000	0.000000	0.055556	0.111111	0.107143	0.083333	0.033333	0.048780	0.022727	0.068966	0.129032	0.023256	0.095238	0.063492	0.049180	0.046875
methanol	0.000000	0.250000	0.166667	0.142857	0.111111	0.111111	0.000000	0.000000	0.076923	0.062500	0.000000	0.076923	0.000000	0.000000	0.000000	0.250000	0.285714	1.000000	0.285714	0.200000	0.090909	0.000000	0.000000	0.000000	0.000000	0.000000	0.000000	0.000000	0.000000	0.000000	0.000000	0.000000	0.000000	0.000000	0.000000	0.000000	0.066667	0.080000	0.076923	0.095238	0.037037	0.052632	0.024390	0.037037	0.066667	0.025000	0.111111	0.032258	0.033898	0.015873
acetone	0.000000	0.142857	0.111111	0.100000	0.083333	0.083333	0.000000	0.000000	0.062500	0.052632	0.000000	0.062500	0.000000	0.000000	0.000000	0.625000	0.200000	0.285714	1.000000	0.125000	0.000000	0.000000	0.000000	0.000000	0.000000	0.000000	0.000000	0.000000	0.000000	0.000000	0.000000	0.000000	0.000000	0.000000	0.000000	0.071429	0.055556	0.200000	0.148148	0.238095	0.068966	0.048780	0.022727	0.107143	0.129032	0.047619	0.095238	0.063492	0.066667	0.030769
methylamine	0.000000	0.250000	0.166667	0.142857	0.111111	0.111111	0.000000	0.000000	0.076923	0.062500	0.000000	0.000000	0.076923	0.000000	0.000000	0.111111	0.125000	0.200000	0.125000	1.000000	0.000000	0.000000	0.000000	0.000000	0.000000	0.000000	0.000000	0.000000	0.000000	0.000000	0.000000	0.000000	0.000000	0.000000	0.000000	0.000000	0.000000	0.038462	0.037037	0.045455	0.037037	0.025641	0.024390	0.000000	0.032258	0.025000	0.111111	0.032258	0.033898	0.015873
pyridine	0.000000	0.000000	0.000000	0.000000	0.000000	0.000000	0.000000	0.333333	0.176471	0.150000	0.150000	0.176471	0.176471	0.133333	0.117647	0.066667	0.000000	0.090909	0.000000	0.000000	1.000000	0.500000	0.500000	0.222222	0.133333	0.133333	0.083333	0.120000	0.111111	0.181818	0.238095	0.133333	0.222222	0.222222	0.222222	0.200000	0.100000	0.100000	0.062500	0.035714	0.062500	0.022222	0.021277	0.062500	0.055556	0.093023	0.000000	0.044776	0.046875	0.029412
pyrimidine	0.000000	0.000000	0.000000	0.000000	0.000000	0.000000	0.000000	0.200000	0.111111	0.095238	0.095238	0.111111	0.111111	0.133333	0.117647	0.000000	0.000000	0.000000	0.000000	0.000000	0.500000	1.000000	0.363636	0.222222	0.133333	0.133333	0.083333	0.120000	0.153846	0.181818	0.238095	0.133333	0.222222	0.222222	0.222222	0.200000	0.157895	0.064516	0.030303	0.035714	0.062500	0.022222	0.021277	0.030303	0.055556	0.068182	0.000000	0.044776	0.030769	0.029412
pyrazine	0.000000	0.000000	0.000000	0.000000	0.000000	0.000000	0.000000	0.125000	0.062500	0.052632	0.052632	0.062500	0.062500	0.076923	0.066667	0.000000	0.000000	0.000000	0.000000	0.000000	0.500000	0.363636	1.000000	0.266667	0.076923	0.076923	0.045455	0.086957	0.125000	0.150000	0.210526	0.076923	0.187500	0.266667	0.187500	0.250000	0.117647	0.034483	0.033333	0.040000	0.068966	0.023810	0.022727	0.033333	0.029412	0.047619	0.000000	0.015152	0.032258	0.030769
imidazole	0.000000	0.000000	0.000000	0.000000	0.000000	0.000000	0.000000	0.066667	0.043478	0.038462	0.038462	0.043478	0.043478	0.050000	0.045455	0.000000	0.000000	0.000000	0.000000	0.000000	0.222222	0.222222	0.266667	1.000000	0.050000	0.050000	0.111111	0.142857	0.172414	0.111111	0.153846	0.235294	0.130435	0.181818	0.238095	0.222222	0.130435	0.027778	0.027027	0.031250	0.085714	0.041667	0.040000	0.027027	0.024390	0.062500	0.000000	0.013699	0.028986	0.057143
thiophene	0.000000	0.000000	0.000000	0.000000	0.000000	0.000000	0.000000	0.222222	0.117647	0.100000	0.100000	0.117647	0.117647	0.142857	0.125000	0.000000	0.000000	0.000000	0.000000	0.000000	0.133333	0.133333	0.076923	0.050000	1.000000	0.142857	0.086957	0.080000	0.035714	0.086957	0.086957	0.142857	0.105263	0.235294	0.105263	0.062500	0.050000	0.066667	0.031250	0.037037	0.031250	0.022727	0.021739	0.031250	0.057143	0.045455	0.000000	0.029851	0.015385	0.029851
furan	0.000000	0.000000	0.000000	0.000000	0.000000	0.000000	0.000000	0.222222	0.117647	0.100000	0.100000	0.117647	0.117647	0.142857	0.125000	0.000000	0.000000	0.000000	0.000000	0.000000	0.133333	0.133333	0.076923	0.050000	0.142857	1.000000	0.086957	0.080000	0.035714	0.086957	0.086957	0.142857	0.235294	0.050000	0.105263	0.062500	0.050000	0.066667	0.031250	0.037037	0.031250	0.046512	0.044444	0.031250	0.057143	0.045455	0.000000	0.029851	0.031250	0.014706
indole	0.000000	0.000000	0.000000	0.000000	0.000000	0.000000	0.052632	0.111111	0.217391	0.192308	0.192308	0.217391	0.217391	0.388889	0.350000	0.000000	0.000000	0.000000	0.000000	0.000000	0.083333	0.083333	0.045455	0.111111	0.086957	0.086957	1.000000	0.333333	0.151515	0.259259	0.259259	0.190476	0.071429	0.034483	0.153846	0.083333	0.071429	0.138889	0.076923	0.088235	0.050000	0.080000	0.076923	0.076923	0.095238	0.122449	0.000000	0.068493	0.056338	0.098592
benzimidazole	0.000000	0.000000	0.000000	0.000000	0.000000	0.000000	0.000000	0.100000	0.200000	0.178571	0.178571	0.200000	0.200000	0.227273	0.208333	0.000000	0.000000	0.000000	0.000000	0.000000	0.120000	0.120000	0.086957	0.142857	0.080000	0.080000	0.333333	1.000000	0.333333	0.333333	0.200000	0.125000	0.103448	0.066667	0.142857	0.120000	0.103448	0.131579	0.073171	0.083333	0.100000	0.056604	0.054545	0.073171	0.090909	0.117647	0.000000	0.081081	0.069444	0.095890
purine	0.000000	0.000000	0.000000	0.000000	0.000000	0.000000	0.000000	0.043478	0.066667	0.060606	0.060606	0.066667	0.066667	0.074074	0.068966	0.000000	0.000000	0.000000	0.000000	0.000000	0.111111	0.153846	0.125000	0.172414	0.035714	0.035714	0.151515	0.333333	1.000000	0.117647	0.151515	0.074074	0.062500	0.133333	0.096774	0.111111	0.133333	0.046512	0.045455	0.051282	0.095238	0.035714	0.034483	0.045455	0.041667	0.053571	0.000000	0.025000	0.082192	0.064935
quinoline	0.000000	0.000000	0.000000	0.000000	0.000000	0.000000	0.000000	0.111111	0.217391	0.192308	0.192308	0.217391	0.217391	0.388889	0.350000	0.000000	0.000000	0.000000	0.000000	0.000000	0.181818	0.181818	0.150000	0.111111	0.086957	0.086957	0.259259	0.333333	0.117647	1.000000	0.360000	0.086957	0.153846	0.111111	0.153846	0.130435	0.071429	0.138889	0.076923	0.088235	0.105263	0.058824	0.056604	0.076923	0.095238	0.122449	0.000000	0.083333	0.086957	0.083333
isoquinoline	0.000000	0.000000	0.000000	0.000000	0.000000	0.000000	0.000000	0.111111	0.217391	0.192308	0.192308	0.217391	0.217391	0.470588	0.350000	0.000000	0.000000	0.000000	0.000000	0.000000	0.238095	0.238095	0.210526	0.153846	0.086957	0.086957	0.259259	0.200000	0.151515	0.360000	1.000000	0.086957	0.153846	0.153846	0.153846	0.130435	0.071429	0.138889	0.076923	0.088235	0.076923	0.058824	0.056604	0.076923	0.095238	0.122449	0.000000	0.083333	0.086957	0.068493
pyrrole	0.000000	0.000000	0.090909	0.083333	0.071429	0.071429	0.000000	0.222222	0.117647	0.157895	0.100000	0.117647	0.117647	0.142857	0.125000	0.000000	0.076923	0.000000	0.000000	0.000000	0.133333	0.133333	0.076923	0.235294	0.142857	0.142857	0.190476	0.125000	0.074074	0.086957	0.086957	1.000000	0.105263	0.050000	0.235294	0.133333	0.105263	0.066667	0.064516	0.037037	0.064516	0.046512	0.044444	0.064516	0.088235	0.069767	0.000000	0.045455	0.031250	0.061538
oxazole	0.000000	0.000000	0.000000	0.000000	0.000000	0.000000	0.000000	0.142857	0.090909	0.080000	0.080000	0.090909	0.090909	0.105263	0.095238	0.000000	0.000000	0.000000	0.000000	0.000000	0.222222	0.222222	0.187500	0.130435	0.105263	0.235294	0.071429	0.103448	0.062500	0.153846	0.153846	0.105263	1.000000	0.130435	0.181818	0.157895	0.083333	0.057143	0.027027	0.031250	0.055556	0.041667	0.040000	0.027027	0.050000	0.062500	0.000000	0.027778	0.028986	0.027778
thiazole	0.000000	0.000000	0.000000	0.000000	0.000000	0.000000	0.000000	0.066667	0.043478	0.038462	0.038462	0.043478	0.043478	0.050000	0.045455	0.000000	0.000000	0.000000	0.000000	0.000000	0.222222	0.222222	0.266667	0.181818	0.235294	0.050000	0.034483	0.066667	0.133333	0.111111	0.153846	0.050000	0.130435	1.000000	0.130435	0.157895	0.083333	0.027778	0.027027	0.031250	0.055556	0.041667	0.040000	0.027027	0.024390	0.040816	0.000000	0.013699	0.028986	0.042254
pyrazole	0.000000	0.000000	0.000000	0.000000	0.000000	0.000000	0.000000	0.142857	0.090909	0.080000	0.080000	0.090909	0.090909	0.105263	0.095238	0.000000	0.000000	0.000000	0.000000	0.000000	0.222222	0.222222	0.187500	0.238095	0.105263	0.105263	0.153846	0.142857	0.096774	0.153846	0.153846	0.235294	0.181818	0.130435	1.000000	0.294118	0.181818	0.088235	0.027027	0.031250	0.055556	0.041667	0.061224	0.027027	0.050000	0.062500	0.000000	0.027778	0.028986	0.057143
triazole_1H	0.000000	0.000000	0.000000	0.000000	0.000000	0.000000	0.000000	0.090909	0.052632	0.045455	0.045455	0.052632	0.052632	0.062500	0.055556	0.066667	0.000000	0.000000	0.071429	0.000000	0.200000	0.200000	0.250000	0.222222	0.062500	0.062500	0.083333	0.120000	0.111111	0.130435	0.130435	0.133333	0.157895	0.157895	0.294118	1.000000	0.294118	0.064516	0.062500	0.074074	0.096774	0.022222	0.021277	0.062500	0.055556	0.068182	0.040000	0.029412	0.046875	0.060606
tetrazole	0.000000	0.000000	0.000000	0.000000	0.000000	0.000000	0.000000	0.066667	0.043478	0.038462	0.038462	0.090909	0.043478	0.050000	0.045455	0.052632	0.055556	0.066667	0.055556	0.000000	0.100000	0.157895	0.117647	0.130435	0.050000	0.050000	0.071429	0.103448	0.133333	0.071429	0.071429	0.105263	0.083333	0.083333	0.181818	0.294118	1.000000	0.057143	0.055556	0.064516	0.055556	0.041667	0.019608	0.055556	0.050000	0.040816	0.071429	0.027778	0.044118	0.042254
aspirin	0.000000	0.040000	0.037037	0.035714	0.033333	0.033333	0.000000	0.125000	0.250000	0.225806	0.187500	0.250000	0.206897	0.185185	0.172414	0.240000	0.111111	0.080000	0.200000	0.038462	0.100000	0.064516	0.034483	0.027778	0.066667	0.066667	0.138889	0.131579	0.046512	0.138889	0.138889	0.066667	0.057143	0.027778	0.088235	0.064516	0.057143	1.000000	0.195122	0.222222	0.088889	0.089286	0.105263	0.166667	0.177778	0.148148	0.051282	0.148649	0.108108	0.103896
ibuprofen	0.000000	0.038462	0.074074	0.071429	0.066667	0.066667	0.000000	0.076923	0.161290	0.218750	0.114286	0.161290	0.125000	0.100000	0.093750	0.185185	0.107143	0.076923	0.148148	0.037037	0.062500	0.030303	0.033333	0.027027	0.031250	0.031250	0.076923	0.073171	0.045455	0.076923	0.076923	0.064516	0.027027	0.027027	0.027027	0.062500	0.055556	0.195122	1.000000	0.184211	0.086957	0.087719	0.066667	0.190476	0.173913	0.105263	0.050000	0.146667	0.169014	0.075000
paracetamol	0.000000	0.047619	0.043478	0.041667	0.038462	0.038462	0.000000	0.045455	0.148148	0.133333	0.096774	0.291667	0.107143	0.120000	0.111111	0.227273	0.083333	0.095238	0.238095	0.045455	0.035714	0.035714	0.040000	0.031250	0.037037	0.037037	0.088235	0.083333	0.051282	0.088235	0.088235	0.037037	0.031250	0.031250	0.031250	0.074074	0.064516	0.222222	0.184211	1.000000	0.097561	0.117647	0.072727	0.153846	0.225000	0.115385	0.088235	0.125000	0.114286	0.065789
caffeine	0.000000	0.038462	0.035714	0.034483	0.032258	0.032258	0.000000	0.037037	0.090909	0.114286	0.054054	0.058824	0.058824	0.064516	0.060606	0.066667	0.033333	0.037037	0.068966	0.037037	0.062500	0.062500	0.068966	0.085714	0.031250	0.031250	0.050000	0.100000	0.095238	0.105263	0.076923	0.064516	0.055556	0.055556	0.055556	0.096774	0.055556	0.088889	0.086957	0.097561	1.000000	0.087719	0.084746	0.063830	0.102041	0.145455	0.024390	0.075000	0.077922	0.146667
morphine	0.000000	0.026316	0.025000	0.024390	0.023256	0.023256	0.025641	0.025641	0.090909	0.085106	0.062500	0.116279	0.066667	0.071429	0.068182	0.047619	0.048780	0.052632	0.048780	0.025641	0.022222	0.022222	0.023810	0.041667	0.022727	0.046512	0.080000	0.056604	0.035714	0.058824	0.058824	0.046512	0.041667	0.041667	0.041667	0.022222	0.041667	0.089286	0.087719	0.117647	0.087719	1.000000	0.688889	0.068966	0.081967	0.102941	0.038462	0.076923	0.067416	0.101124
codeine	0.000000	0.025000	0.023810	0.023256	0.022222	0.022222	0.024390	0.024390	0.086957	0.081633	0.060000	0.063830	0.063830	0.068182	0.065217	0.022222	0.022727	0.024390	0.022727	0.024390	0.021277	0.021277	0.022727	0.040000	0.021739	0.044444	0.076923	0.054545	0.034483	0.056604	0.056604	0.044444	0.040000	0.040000	0.061224	0.021277	0.019608	0.105263	0.066667	0.072727	0.084746	0.688889	1.000000	0.049180	0.062500	0.100000	0.018182	0.063830	0.054348	0.136364
warfarin	0.000000	0.000000	0.035714	0.034483	0.066667	0.066667	0.000000	0.076923	0.125000	0.147059	0.114286	0.161290	0.125000	0.100000	0.093750	0.142857	0.068966	0.037037	0.107143	0.000000	0.062500	0.030303	0.033333	0.027027	0.031250	0.031250	0.076923	0.073171	0.045455	0.076923	0.076923	0.064516	0.027027	0.027027	0.027027	0.062500	0.055556	0.166667	0.190476	0.153846	0.063830	0.068966	0.049180	1.000000	0.148936	0.166667	0.050000	0.131579	0.185714	0.061728
lidocaine	0.000000	0.033333	0.100000	0.096774	0.090909	0.090909	0.000000	0.066667	0.176471	0.194444	0.102564	0.142857	0.111111	0.121212	0.114286	0.125000	0.129032	0.066667	0.129032	0.032258	0.055556	0.055556	0.029412	0.024390	0.057143	0.057143	0.095238	0.090909	0.041667	0.095238	0.095238	0.088235	0.050000	0.024390	0.050000	0.055556	0.050000	0.177778	0.173913	0.225000	0.102041	0.081967	0.062500	0.148936	1.000000	0.116667	0.095238	0.139241	0.129870	0.097561
diazepam	0.000000	0.025641	0.024390	0.023810	0.022727	0.022727	0.025000	0.078947	0.166667	0.155556	0.130435	0.139535	0.139535	0.121951	0.142857	0.071429	0.023256	0.025000	0.047619	0.025000	0.093023	0.068182	0.047619	0.062500	0.045455	0.045455	0.122449	0.117647	0.053571	0.122449	0.122449	0.069767	0.062500	0.040816	0.062500	0.068182	0.040816	0.148148	0.105263	0.115385	0.145455	0.102941	0.100000	0.166667	0.116667	1.000000	0.037736	0.112360	0.116279	0.137931
metformin	0.000000	0.055556	0.050000	0.047619	0.043478	0.043478	0.000000	0.000000	0.037037	0.033333	0.000000	0.037037	0.037037	0.000000	0.000000	0.090909	0.095238	0.111111	0.095238	0.111111	0.000000	0.000000	0.000000	0.000000	0.000000	0.000000	0.000000	0.000000	0.000000	0.000000	0.000000	0.000000	0.000000	0.000000	0.000000	0.040000	0.071429	0.051282	0.050000	0.088235	0.024390	0.038462	0.018182	0.050000	0.095238	0.037736	1.000000	0.040000	0.086957	0.012987
atorvastatin	0.000000	0.016129	0.031746	0.031250	0.030303	0.030303	0.000000	0.049180	0.107692	0.119403	0.102941	0.107692	0.090909	0.095238	0.075758	0.079365	0.063492	0.032258	0.063492	0.032258	0.044776	0.044776	0.015152	0.013699	0.029851	0.029851	0.068493	0.081081	0.025000	0.083333	0.083333	0.045455	0.027778	0.013699	0.027778	0.029412	0.027778	0.148649	0.146667	0.125000	0.075000	0.076923	0.063830	0.131579	0.139241	0.112360	0.040000	1.000000	0.133333	0.070175
methotrexate	0.000000	0.016949	0.033333	0.032787	0.031746	0.031746	0.000000	0.033898	0.078125	0.090909	0.058824	0.078125	0.095238	0.064516	0.062500	0.083333	0.049180	0.033898	0.066667	0.033898	0.046875	0.030769	0.032258	0.028986	0.015385	0.031250	0.056338	0.069444	0.082192	0.086957	0.086957	0.031250	0.028986	0.028986	0.028986	0.046875	0.044118	0.108108	0.169014	0.114286	0.077922	0.067416	0.054348	0.185714	0.129870	0.116279	0.086957	0.133333	1.000000	0.091743
sildenafil	0.000000	0.016129	0.048387	0.064516	0.062500	0.062500	0.015873	0.015873	0.058824	0.086957	0.041667	0.043478	0.043478	0.061538	0.075758	0.030303	0.046875	0.015873	0.030769	0.015873	0.029412	0.029412	0.030769	0.057143	0.029851	0.014706	0.098592	0.095890	0.064935	0.083333	0.068493	0.061538	0.027778	0.042254	0.057143	0.060606	0.042254	0.103896	0.075000	0.065789	0.146667	0.101124	0.136364	0.061728	0.097561	0.137931	0.012987	0.070175	0.091743	1.000000
