name	smiles	mw	logp	tpsa	hac	hbd	hba
methane	C	16.0430	0.6361	0.0000	1	0	0
ethane	CC	30.0700	1.0262	0.0000	2	0	0
propane	CCC	44.0970	1.4163	0.0000	3	0	0
butane	CCCC	58.1240	1.8064	0.0000	4	0	0
pentane	CCCCC	72.1510	2.1965	0.0000	5	0	0
hexane	CCCCCC	86.1780	2.5866	0.0000	6	0	0
cyclohexane	C1CCCCC1	84.1620	2.3406	0.0000	6	0	0
benzene	c1ccccc1	78.1140	1.6866	0.0000	6	0	0
toluene	Cc1ccccc1	92.1410	1.9950	0.0000	7	0	0
ethylbenzene	CCc1ccccc1	106.1680	2.2490	0.0000	8	0	0
styrene	C=Cc1ccccc1	104.1520	2.3296	0.0000	8	0	0
phenol	Oc1ccccc1	94.1130	1.3922	20.2300	7	1	1
aniline	Nc1ccccc1	93.1290	1.2688	26.0200	7	1	1
naphthalene	c1ccc2ccccc2c1	128.1740	2.8398	0.0000	10	0	0
anthracene	c1ccc2cc3ccccc3cc2c1	178.2340	3.9930	0.0000	14	0	0
acetic_acid	CC(=O)O	60.0520	0.0909	37.3000	4	1	1
ethanol	CCO	46.0690	-0.0014	20.2300	3	1	1
methanol	CO	32.0420	-0.3915	20.2300	2	1	1
acetone	CC(C)=O	58.0800	0.5953	17.0700	4	0	1
methylamine	CN	31.0580	-0.4251	26.0200	2	1	1
pyridine	c1ccncc1	79.1020	1.0816	12.8900	6	0	1
pyrimidine	c1ccnc(n1)	80.0900	0.4766	25.7800	6	0	2
pyrazine	c1cnccn1	80.0900	0.4766	25.7800	6	0	2
imidazole	c1cnc[nH]1	68.0790	0.4097	28.6800	5	1	1
thiophene	c1ccsc1	84.1430	1.7481	28.2400	5	0	1
furan	c1ccco1	68.0750	1.2796	13.1400	5	0	1
indole	c1ccc2[nH]ccc2c1	117.1510	2.1679	15.7900	9	1	0
benzimidazole	c1ccc2[nH]cnc2c1	118.1390	1.5629	28.6800	9	1	1
purine	c1ncc2[nH]cnc2n1	120.1150	0.3529	54.4600	9	1	3
quinoline	c1ccc2ncccc2c1	129.1620	2.2348	12.8900	10	0	1
isoquinoline	c1ccc2cnccc2c1	129.1620	2.2348	12.8900	10	0	1
pyrrole	c1cc[nH]c1	67.0910	1.0147	15.7900	5	1	0
oxazole	c1cnoc1	69.0630	0.6746	26.0300	5	0	2
thiazole	c1csc(n1)	85.1310	1.1431	41.1300	5	0	2
pyrazole	c1cc[nH]n1	68.0790	0.4097	28.6800	5	1	1
triazole_1H	c1cn[nH]n1	69.0670	-0.1953	41.5700	5	1	2
tetrazole	c1nn[nH]n1	70.0550	-0.8003	54.4600	5	1	3
aspirin	CC(=O)Oc1ccccc1C(=O)O	180.1590	1.3101	63.6000	13	1	3
ibuprofen	CC(C)Cc1ccc(cc1)C(C)C(=O)O	206.2850	3.0732	37.3000	15	1	1
paracetamol	CC(=O)Nc1ccc(O)cc1	151.1650	1.3506	49.3300	11	2	2
caffeine	Cn1cnc2c1c(=O)n(c(=O)n2C)C	194.1940	-1.0293	61.8200	14	0	6
morphine	Oc1ccc2CC3N(CCC4=C3c2c1O4)C	215.2520	2.2235	36.6100	16	1	3
codeine	COc1ccc2CC3N(CCC4=C3c2c1O4)C	229.2790	2.5265	25.6100	17	0	3
warfarin	OC(=O)CCCC(=O)c1ccc(cc1)Cl	226.6590	2.7776	54.3700	15	1	2
lidocaine	CCN(CC)CC(=O)Nc1c(C)cccc1C	234.3430	2.5837	32.3400	17	1	2
diazepam	CN1C(=O)CN=C(c2ccccc2)c3cc(Cl)ccc13	284.7460	3.1538	32.6700	20	0	2
metformin	CN(C)C(=N)NC(=N)N	129.1670	-1.0342	88.9900	9	4	2
atorvastatin	CC(C)c1c(C(=O)Nc2ccccc2F)c(CC[C@@H](O)C[C@@H](O)CC(=O)O)c(-c2ccc(F)cc2)n1-c1ccccc1	576.6400	6.3174	111.7900	42	4	5
methotrexate	CN(Cc1cnc2nc(N)nc(N)c2n1)c1ccc(cc1)C(=O)NC(CCC(=O)O)C(=O)O	454.4470	0.2684	210.5400	33	5	10
sildenafil	CCCc1nn(C)c2c(=O)[nH]c(-c3cc(S(=O)(=O)N4CCN(C)CC4)ccc3OCC)nc12	474.5870	1.6109	121.8000	33	1	8
tamoxifen	CCC(=C(c1ccccc1)c1ccc(OCCN(C)C)cc1)c1ccccc1	371.5240	5.9961	12.4700	28	0	2
propranolol	CC(C)NCC(O)COc1cccc2ccccc12	259.3490	2.5775	41.4900	19	2	3
naproxen	CC(C(=O)O)c1ccc2cc(OC)ccc2c1	230.2630	3.0365	46.5300	17	1	2
indomethacin	CC1=C(CC(=O)O)c2cc(OC)ccc2N1C(=O)c1ccc(Cl)cc1	357.7930	3.9273	68.5300	25	1	4
chlorpromazine	CN(C)CCCN1c2ccccc2Sc3ccc(Cl)cc13	318.8730	4.8944	31.7800	21	0	3
clonazepam	O=C1CN=C(c2ccccc2Cl)c3cc([N+](=O)[O-])ccc13	300.7010	3.2819	72.5700	21	0	4
fluoxetine	CNCC(COc1ccc(cc1)C(F)(F)F)Oc1ccccc1	325.3300	3.7512	30.4900	23	1	3
glycine	NCC(=O)O	75.0670	-0.9703	63.3200	5	2	2
alanine	N[C@@H](C)C(=O)O	89.0940	-0.5818	63.3200	6	2	2
serine	N[C@@H](CO)C(=O)O	105.0930	-1.6094	83.5500	7	3	3
threonine	N[C@@H]([C@@H](O)C)C(=O)O	119.1200	-1.2209	83.5500	8	3	3
valine	N[C@@H](C(C)C)C(=O)O	117.1480	0.0543	63.3200	8	2	2
leucine	N[C@@H](CC(C)C)C(=O)O	131.1750	0.4444	63.3200	9	2	2
phenylalanine	N[C@@H](Cc1ccccc1)C(=O)O	165.1920	0.6410	63.3200	12	2	2
tryptophan	N[C@@H](Cc1c[nH]c2ccccc12)C(=O)O	204.2290	1.1223	79.1100	15	3	2
tyrosine	N[C@@H](Cc1ccc(O)cc1)C(=O)O	181.1910	0.3466	83.5500	13	3	3
histidine	N[C@@H](Cc1c[nH]cn1)C(=O)O	155.1570	-0.6359	92.0000	11	3	3
cysteine	N[C@@H](CS)C(=O)O	121.1610	-0.6719	102.1200	7	3	3
methionine	N[C@@H](CCSC)C(=O)O	149.2150	0.1514	88.6200	9	2	3
lysine	N[C@@H](CCCCN)C(=O)O	146.1900	-0.4727	89.3400	10	3	3
arginine	N[C@@H](CCCNC(=N)N)C(=O)O	174.2040	-1.3384	125.2200	12	5	3
aspartate	N[C@@H](CC(=O)O)C(=O)O	133.1030	-1.1270	100.6200	9	3	3
glutamate	N[C@@H](CCC(=O)O)C(=O)O	147.1300	-0.7369	100.6200	10	3	3
glucose	OC[C@H]1O[C@@H](O)[C@H](O)[C@@H](O)[C@@H]1O	180.1560	-3.2214	110.3800	12	5	6
fructose	OC[C@@H]1O[C@@](O)(CO)[C@@H](O)[C@@H]1O	180.1560	-3.2198	110.3800	12	5	6
ribose	OC[C@H]1O[C@@H](O)[C@H](O)[C@@H]1O	150.1300	-2.5823	90.1500	10	4	5
sucrose	OC[C@H]1O[C@@](CO)(O[C@H]2O[C@H](CO)[C@@H](O)[C@H](O)[C@@H]2O)[C@@H](O)[C@@H]1O	342.2970	-5.3956	189.5300	23	8	11
sorbitol	OC[C@H](O)[C@@H](O)[C@H](O)[C@H](O)CO	182.1720	-3.5854	121.3800	12	6	6
chlorobenzene	Clc1ccccc1	112.5590	2.3400	0.0000	7	0	0
bromobenzene	Brc1ccccc1	157.0100	2.4491	0.0000	7	0	0
fluorobenzene	Fc1ccccc1	96.1040	1.8257	0.0000	7	0	0
iodobenzene	Ic1ccccc1	204.0100	2.2912	0.0000	7	0	0
dichloromethane	ClCCl	84.9330	1.4215	0.0000	3	0	0
chloroform	ClC(Cl)Cl	119.3780	1.9864	0.0000	4	0	0
ccl4	ClC(Cl)(Cl)Cl	153.8230	2.5529	0.0000	5	0	0
4_chlorophenol	Oc1ccc(Cl)cc1	128.5580	2.0456	20.2300	8	1	1
4_bromophenol	Oc1ccc(Br)cc1	173.0090	2.1547	20.2300	8	1	1
trifluoromethylbenzene	FC(F)(F)c1ccccc1	146.1110	2.7054	0.0000	10	0	0
dimethyl_sulfide	CSC	62.1370	0.9792	25.3000	3	0	1
dimethyl_sulfoxide	CS(C)=O	78.1360	-0.0053	36.2800	4	0	1
dimethyl_sulfone	CS(C)(=O)=O	94.1350	-0.3392	42.5200	5	0	2
methane_sulfonic_acid	CS(=O)(=O)O	96.1070	-0.4960	62.7500	5	1	2
thiophenol	Sc1ccccc1	110.1810	1.9753	38.8000	7	1	1
cystamine	NCCSSCCN	152.2880	0.2852	102.6400	8	2	4
trimethyl_phosphate	COP(=O)(OC)OC	140.0750	1.0337	54.5700	8	0	4
benzoic_acid	OC(=O)c1ccccc1	122.1230	1.3848	37.3000	9	1	1
phenylacetic_acid	OC(=O)Cc1ccccc1	136.1500	1.3137	37.3000	10	1	1
cinnamic_acid_E	OC(=O)/C=C/c1ccccc1	148.1610	1.7844	37.3000	11	1	1
methyl_benzoate	COC(=O)c1ccccc1	136.1500	1.4732	26.3000	10	0	2
ethyl_benzoate	CCOC(=O)c1ccccc1	150.1770	1.8633	26.3000	11	0	2
benzamide	NC(=O)c1ccccc1	121.1390	0.7855	43.0900	9	1	1
n_methyl_benzamide	CNC(=O)c1ccccc1	135.1660	1.0462	29.1000	10	1	1
urea	NC(N)=O	60.0560	-0.9762	69.1100	4	2	1
dimethyl_urea	CN(C(=O)N)C	88.1100	-0.3733	46.3300	6	1	1
succinic_acid	OC(=O)CCC(=O)O	118.0880	-0.0642	74.6000	8	2	2
maleic_acid	OC(=O)/C=C\C(=O)O	116.0720	-0.2882	74.6000	8	2	2
fumaric_acid	OC(=O)/C=C/C(=O)O	116.0720	-0.2882	74.6000	8	2	2
phthalic_acid	OC(=O)c1ccccc1C(=O)O	166.1320	1.0830	74.6000	12	2	2
isophthalic_acid	OC(=O)c1cccc(c1)C(=O)O	166.1320	1.0830	74.6000	12	2	2
n_methylaniline	CNc1ccccc1	107.1560	1.7283	12.0300	8	1	1
diphenylamine	c1ccc(cc1)Nc1ccccc1	169.2270	3.4302	12.0300	13	1	1
triphenylamine	c1ccc(cc1)N(c1ccccc1)c1ccccc1	245.3250	5.1564	3.2400	19	0	1
4_aminophenol	Nc1ccc(O)cc1	109.1280	0.9744	46.2500	8	2	2
4_nitrophenol	Oc1ccc([N+](=O)[O-])cc1	139.1100	1.3004	63.3700	10	1	3
tetralin	C1CCc2ccccc2C1	132.2060	2.5654	0.0000	10	0	0
decalin	C1CCC2CCCCC2C1	138.2540	3.3668	0.0000	10	0	0
coumarin	O=c1ccc2ccccc2o1	146.1450	1.7930	30.2100	11	0	2
chromone	O=c1ccoc2ccccc12	146.1450	1.7930	30.2100	11	0	2
xanthene	c1ccc2c(c1)Cc1ccccc1O2	182.2220	3.3831	9.2300	14	0	1
acridine	c1ccc2nc3ccccc3cc2c1	179.2220	3.3880	12.8900	14	0	1
carbazole	c1ccc2[nH]c3ccccc3c2c1	167.2110	3.3211	15.7900	13	1	0
dibenzofuran	c1ccc2c(c1)oc1ccccc12	168.1950	3.5860	13.1400	13	0	1
dibenzothiophene	c1ccc2c(c1)sc1ccccc12	184.2630	4.0545	28.2400	13	0	1
fluorene	C1c2ccccc2-c2ccccc21	166.2230	3.2578	0.0000	13	0	0
fluoranthene	c1ccc2ccc3cccc4ccc1c2c34	202.2560	4.5840	0.0000	16	0	0
pyrene	c1cc2ccc3cccc4ccc(c1)c2c34	202.2560	4.5840	0.0000	16	0	0
triphenylene	c1ccc2ccc3ccccc3c2c1	178.2340	3.9930	0.0000	14	0	0
piperazine	C1CNCCN1	86.1380	-0.8208	24.0600	6	2	2
morpholine	C1CNCCO1	87.1220	-0.3938	21.2600	6	1	2
n_methylpiperazine	CN1CCNCC1	100.1650	-0.4786	15.2700	7	1	2
n_boc_piperazine	O=C(OC(C)(C)C)N1CCNCC1	186.2550	0.8267	41.5700	13	1	3
piperidine	C1CCNCC1	85.1500	0.7599	12.0300	6	1	1
pyrrolidine	C1CCNC1	71.1230	0.3698	12.0300	5	1	1
azetidine	C1CNC1	57.0960	-0.0203	12.0300	4	1	1
oxetane	C1COC1	58.0800	0.4067	9.2300	4	0	1
thietane	C1CSC1	74.1480	1.1233	25.3000	4	0	1
tetrahydrofuran	C1CCOC1	72.1070	0.7968	9.2300	5	0	1
tetrahydrothiophene	C1CCSC1	88.1750	1.5134	25.3000	5	0	1
tetrahydropyran	C1CCOCC1	86.1340	1.1869	9.2300	6	0	1
1_4_dioxane	C1COCCO1	88.1060	0.0332	18.4600	6	0	2
nicotine	CN1CCC[C@H]1c1cccnc1	162.2360	1.8483	16.1300	12	0	2
quinine	COc1ccc2nccc(C(O)C3CC4CCN3CC4=C)c2c1	310.3970	2.9272	45.5900	23	1	4
capsaicin	COc1cc(CNC(=O)CCCC/C=C/C(C)C)ccc1O	305.4180	3.7896	58.5600	22	2	3
resveratrol	Oc1ccc(/C=C/c2cc(O)cc(O)c2)cc1	228.2470	2.9738	60.6900	17	3	3
quercetin	O=c1c(O)c(-c2ccc(O)c(O)c2)oc2cc(O)cc(O)c12	302.2380	1.9880	131.3600	22	5	7
curcumin	COc1cc(/C=C/C(=O)CC(=O)/C=C/c2ccc(O)c(OC)c2)ccc1O	368.3850	3.3699	93.0600	27	2	6
penicillin_G	O=C(O)[C@@H]1[C@H]2SC(C)(C)[C@@H]2N1C(=O)Cc1ccccc1	291.3720	1.7871	82.9100	20	1	3
ampicillin	N[C@@H](c1ccccc1)C(=O)N[C@H]2[C@@H]3SC(C)(C)[C@H]3N2C(=O)O	321.4020	1.3849	120.9600	22	3	4
adenine	Nc1ncnc2[nH]cnc12	135.1300	-0.0649	80.4800	10	2	4
guanine	Nc1nc2[nH]cnc2c(=O)[nH]1	151.1290	-0.7716	100.4500	11	3	4
cytosine	Nc1ccnc(=O)[nH]1	111.1040	-0.6479	71.7700	8	2	3
uracil	O=c1cc[nH]c(=O)[nH]1	112.0880	-0.9368	65.7200	8	2	2
hypoxanthine	O=c1[nH]cnc2[nH]cnc12	136.1140	-0.3538	74.4300	10	2	3
xanthine	O=c1[nH]c2[nH]cnc2c(=O)[nH]1	152.1130	-1.0605	94.4000	11	3	3
ethylene_glycol	OCCO	62.0680	-1.0290	40.4600	4	2	2
glycerol	OCC(O)CO	92.0940	-1.6681	60.6900	6	3	3
propylene_glycol	CC(O)CO	76.0950	-0.6405	40.4600	5	2	2
catechol	Oc1ccccc1O	110.1120	1.0978	40.4600	8	2	2
resorcinol	Oc1cccc(O)c1	110.1120	1.0978	40.4600	8	2	2
hydroquinone	Oc1ccc(O)cc1	110.1120	1.0978	40.4600	8	2	2
salicylic_acid	OC(=O)c1ccccc1O	138.1220	1.0904	57.5300	10	2	2
vanillin	COc1cc(C=O)ccc1O	152.1490	1.2133	46.5300	11	1	3
eugenol	C=CCc1ccc(O)c(OC)c1	164.2040	2.1293	29.4600	12	1	2
safrol	C=CCc1ccc2c(c1)OCO2	162.1880	2.1438	18.4600	12	0	2
epinephrine	CNC[C@@H](O)c1ccc(O)c(O)c1	183.2070	0.3506	72.7200	13	4	4
dopamine	NCCc1ccc(O)c(O)c1	153.1810	0.5990	66.4800	11	3	3
serotonin	NCCc1c[nH]c2ccc(O)cc12	176.2190	1.3747	62.0400	13	3	2
melatonin	COc1ccc2[nH]cc(CCNC(C)=O)c2c1	232.2830	1.8551	54.1200	17	2	2
histamine	NCCc1c[nH]cn1	111.1480	-0.0891	54.7000	8	2	2
putrescine	NCCCCN	88.1540	-0.3160	52.0400	6	2	2
spermidine	NCCCNCCCCN	145.2500	-0.3363	64.0700	10	3	3
folic_acid	Nc1nc2ncc(CNc3ccc(cc3)C(=O)N[C@@H](CCC(=O)O)C(=O)O)nc2c(=O)[nH]1	441.4040	-0.0448	213.2800	32	6	9
riboflavin	Cc1cc2nc3c(=O)[nH]c(=O)nc3n(C[C@H](O)[C@H](O)[C@H](O)CO)c2cc1C	376.3690	-1.7236	161.5600	27	5	9
pyridoxine	Cc1ncc(CO)c(CO)c1O	169.1800	0.0802	73.5800	12	3	4
thiamine	Cc1ncc(C[n+]2csc(CCO)c2C)cn1	250.3470	1.0255	78.1300	17	1	4
